{ "height":20,
 "infinite":false,
 "layers":[
        {
         "data":[2042, 2042, 2042, 2042, 2042, 2042, 2042, 2042, 2042, 2042, 2042, 2042, 2042, 2042, 2042, 2042, 2042, 2042, 2042, 2042, 2042, 859, 2214, 2214, 2214, 703, 703, 703, 3083, 703, 703, 703, 703, 703, 703, 703, 703, 2251, 703, 2042, 2042, 703, 2214, 1633, 2214, 703, 1403, 590, 1055, 1403, 590, 703, 703, 703, 703, 703, 2214, 2214, 2214, 2042, 2042, 703, 2214, 2214, 2214, 703, 1519, 706, 1055, 821, 706, 703, 1285, 1515, 1515, 1290, 2214, 1633, 2214, 2042, 2042, 703, 703, 703, 1284, 1284, 937, 938, 1055, 937, 938, 703, 1055, 703, 703, 1055, 2214, 2214, 2214, 2042, 2042, 703, 703, 703, 2042, 703, 703, 703, 1055, 703, 703, 703, 1055, 2042, 703, 1055, 703, 703, 703, 2042, 2042, 703, 703, 703, 2042, 703, 703, 1285, 1745, 703, 703, 703, 1055, 2042, 703, 1055, 703, 703, 703, 2042, 2042, 703, 703, 703, 2042, 703, 703, 2514, 2517, 2515, 1289, 1289, 1745, 2042, 2042, 1055, 703, 703, 703, 2042, 2042, 703, 703, 703, 2042, 703, 703, 2632, 2633, 2634, 703, 703, 703, 703, 2042, 1055, 703, 703, 703, 2042, 2042, 2155, 1288, 1290, 2042, 703, 1513, 2630, 2749, 2631, 703, 703, 703, 703, 2042, 1406, 1286, 3084, 703, 2042, 2042, 2013, 703, 1171, 2042, 703, 1629, 703, 703, 1055, 703, 703, 703, 2042, 2042, 703, 703, 703, 703, 2042, 2042, 703, 703, 1171, 2042, 703, 1629, 703, 703, 1055, 703, 703, 703, 2042, 2042, 703, 703, 703, 703, 2042, 2042, 703, 703, 1171, 2042, 703, 1629, 703, 703, 1055, 703, 703, 703, 2042, 703, 703, 703, 703, 703, 2042, 2042, 703, 703, 1406, 1515, 1515, 1745, 703, 703, 1406, 1288, 1290, 703, 703, 703, 703, 703, 703, 703, 2042, 2042, 703, 703, 703, 703, 703, 703, 703, 703, 703, 703, 1171, 703, 703, 703, 703, 703, 703, 703, 2042, 2042, 703, 703, 703, 703, 701, 701, 701, 701, 701, 703, 1171, 701, 701, 701, 701, 703, 703, 703, 2042, 2042, 2214, 2214, 703, 703, 703, 703, 703, 703, 703, 703, 1171, 703, 703, 703, 703, 703, 2214, 2214, 2042, 2042, 1633, 2214, 703, 703, 703, 703, 703, 703, 703, 703, 1171, 703, 703, 703, 703, 703, 2214, 1633, 2042, 2042, 2214, 2214, 703, 703, 703, 703, 703, 703, 2156, 1286, 1745, 703, 703, 2248, 703, 703, 2214, 2214, 2042, 2042, 2042, 2042, 2042, 2042, 2042, 2042, 2042, 2042, 2042, 2042, 2042, 2042, 2042, 2042, 2042, 2042, 2042, 2042, 2042],
         "height":20,
         "id":1,
         "name":"mapa1",
         "opacity":1,
         "type":"tilelayer",
         "visible":true,
         "width":20,
         "x":0,
         "y":0
        }, 
        {
         "color":"#000000",
         "draworder":"topdown",
         "id":4,
         "name":"personajes",
         "objects":[
                {
                 "height":15,
                 "id":23,
                 "name":"",
                 "rotation":0,
                 "type":"",
                 "visible":true,
                 "width":15,
                 "x":16,
                 "y":16.5
                }, 
                {
                 "height":14.5,
                 "id":24,
                 "name":"",
                 "rotation":0,
                 "type":"",
                 "visible":true,
                 "width":12,
                 "x":18,
                 "y":160.5
                }, 
                {
                 "height":13.5,
                 "id":25,
                 "name":"",
                 "rotation":0,
                 "type":"",
                 "visible":true,
                 "width":16.5,
                 "x":223.5,
                 "y":288.5
                }, 
                {
                 "height":15,
                 "id":26,
                 "name":"",
                 "rotation":0,
                 "type":"",
                 "visible":true,
                 "width":15,
                 "x":272,
                 "y":17
                }],
         "opacity":1,
         "type":"objectgroup",
         "visible":true,
         "x":0,
         "y":0
        }, 
        {
         "color":"#ff0000",
         "draworder":"topdown",
         "id":2,
         "name":"limites",
         "objects":[
                {
                 "height":13,
                 "id":1,
                 "name":"",
                 "rotation":0,
                 "type":"",
                 "visible":true,
                 "width":318.5,
                 "x":1.5,
                 "y":305.5
                }, 
                {
                 "height":322.5,
                 "id":2,
                 "name":"",
                 "rotation":0,
                 "type":"",
                 "visible":true,
                 "width":16,
                 "x":304,
                 "y":-0.5
                }, 
                {
                 "height":19,
                 "id":3,
                 "name":"",
                 "rotation":0,
                 "type":"",
                 "visible":true,
                 "width":323,
                 "x":0,
                 "y":-4
                }, 
                {
                 "height":321.5,
                 "id":4,
                 "name":"",
                 "rotation":0,
                 "type":"",
                 "visible":true,
                 "width":15.5,
                 "x":-1,
                 "y":-4
                }, 
                {
                 "height":141.5,
                 "id":5,
                 "name":"",
                 "rotation":0,
                 "type":"",
                 "visible":true,
                 "width":15,
                 "x":63.5,
                 "y":64.5
                }, 
                {
                 "height":15.5,
                 "id":6,
                 "name":"",
                 "rotation":0,
                 "type":"",
                 "visible":true,
                 "width":22.5,
                 "x":73.5,
                 "y":64.5
                }, 
                {
                 "height":46,
                 "id":7,
                 "name":"",
                 "rotation":0,
                 "type":"",
                 "visible":true,
                 "width":14,
                 "x":208.5,
                 "y":79.5
                }, 
                {
                 "height":81,
                 "id":8,
                 "name":"",
                 "rotation":0,
                 "type":"",
                 "visible":true,
                 "width":15.5,
                 "x":224,
                 "y":111
                }, 
                {
                 "height":49.5,
                 "id":9,
                 "name":"",
                 "rotation":0,
                 "type":"",
                 "visible":true,
                 "width":14.5,
                 "x":208.5,
                 "y":160.5
                }, 
                {
                 "height":14,
                 "id":10,
                 "name":"",
                 "rotation":0,
                 "type":"",
                 "visible":true,
                 "width":64.5,
                 "x":192,
                 "y":241
                }, 
                {
                 "height":16.5,
                 "id":11,
                 "name":"",
                 "rotation":0,
                 "type":"",
                 "visible":true,
                 "width":79.5,
                 "x":81,
                 "y":240
                }, 
                {
                 "height":41,
                 "id":12,
                 "name":"",
                 "rotation":0,
                 "type":"",
                 "visible":true,
                 "width":26.5,
                 "x":98.5,
                 "y":36
                }, 
                {
                 "height":41.5,
                 "id":13,
                 "name":"",
                 "rotation":0,
                 "type":"",
                 "visible":true,
                 "width":25,
                 "x":148,
                 "y":36
                }, 
                {
                 "height":13,
                 "id":14,
                 "name":"",
                 "rotation":0,
                 "type":"",
                 "visible":true,
                 "width":14,
                 "x":288.5,
                 "y":273
                }, 
                {
                 "height":13,
                 "id":15,
                 "name":"",
                 "rotation":0,
                 "type":"",
                 "visible":true,
                 "width":14,
                 "x":16.5,
                 "y":272
                }, 
                {
                 "height":12.5,
                 "id":16,
                 "name":"",
                 "rotation":0,
                 "type":"",
                 "visible":true,
                 "width":15.5,
                 "x":48,
                 "y":33
                }, 
                {
                 "height":13.5,
                 "id":17,
                 "name":"",
                 "rotation":0,
                 "type":"",
                 "visible":true,
                 "width":15.5,
                 "x":273,
                 "y":50
                }],
         "opacity":1,
         "type":"objectgroup",
         "visible":true,
         "x":0,
         "y":0
        }, 
        {
         "color":"#ffffff",
         "draworder":"topdown",
         "id":3,
         "name":"lugares",
         "objects":[
                {
                 "height":14,
                 "id":18,
                 "name":"",
                 "rotation":0,
                 "type":"",
                 "visible":true,
                 "width":15.5,
                 "x":272,
                 "y":145
                }, 
                {
                 "height":13.5,
                 "id":19,
                 "name":"",
                 "rotation":0,
                 "type":"",
                 "visible":true,
                 "width":15.5,
                 "x":144.5,
                 "y":289
                }, 
                {
                 "height":15,
                 "id":20,
                 "name":"",
                 "rotation":0,
                 "type":"",
                 "visible":true,
                 "width":14,
                 "x":17,
                 "y":143.5
                }, 
                {
                 "height":15.5,
                 "id":21,
                 "name":"",
                 "rotation":0,
                 "type":"",
                 "visible":true,
                 "width":15.5,
                 "x":129,
                 "y":17
                }],
         "opacity":1,
         "type":"objectgroup",
         "visible":true,
         "x":0,
         "y":0
        }],
 "nextlayerid":5,
 "nextobjectid":27,
 "orientation":"orthogonal",
 "renderorder":"right-down",
 "tiledversion":"1.2.3",
 "tileheight":16,
 "tilesets":[
        {
         "firstgid":1,
         "source":"hoja1.tsx"
        }],
 "tilewidth":16,
 "type":"map",
 "version":1.2,
 "width":20
}